"","W1","W2","W3","W4","W5","Count"
"1","einen","guten","start","in","die",48
"2","start","in","die","neue","woche",38
"3","guten","start","in","die","neue",29
"4","guten","start","in","die","woche",24
"5","handelt","es","sich","um","eine",18
"6","auf","dem","weg","in","die",17
"7","was","ist","denn","das","für",16
"8","allen","einen","guten","start","in",15
"9","auf","der","suche","nach","einem",15
"10","in","den","griff","zu","bekommen",15
"11","mehr","als","die","hälfte","der",14
"12","ich","wünsche","euch","einen","schönen",13
"13","auf","dem","weg","nach","hause",13
"14","ich","wünsche","euch","allen","einen",13
"15","die","art","und","weise","wie",13
"16","wie","geil","ist","das","denn",12
"17","euch","einen","guten","start","in",12
"18","und","einen","guten","start","in",12
"19","wir","freuen","uns","auf","euch",12
"20","guten","rutsch","ins","neue","jahr",12
"21","wünsche","euch","allen","einen","schönen",12
"22","es","kann","nicht","sein","dass",12
"23","auf","der","suche","nach","einer",11
"24","das","ist","auch","gut","so",11
"25","two","and","a","half","men",11
"26","was","ist","das","denn","für",11
"27","ich","freu","mich","schon","auf",11
"28","im","wahrsten","sinne","des","wortes",11
"29","in","einer","zeit","in","der",11
"30","ursula","von","der","leyen","cdu",11
"31","in","den","ersten","neun","monaten",11
"32","auf","dem","weg","zur","arbeit",10
"33","derzeitige","prima","#primzahl","ist","die",10
"34","nur","eine","frage","der","zeit",10
"35","die","staats","und","regierungschefs","der",10
"36","in","den","vergangenen","zehn","jahren",10
"37","guten","morgen","und","einen","schönen",9
"38","vielen","dank","an","alle","die",9
"39","gewidmet","warum","ich","#primzahlen","twittere",9
"40","warum","ich","#primzahlen","twittere","keine",9
"41","ich","#primzahlen","twittere","keine","ahnung",9
"42","einen","guten","rutsch","ins","neue",9
"43","ich","gehe","davon","aus","dass",9
"44","bin","ich","froh","dass","ich",9
"45","schritt","in","die","richtige","richtung",9
"46","in","der","nacht","zum","donnerstag",9
"47","einen","guten","morgen","und","einen",8
"48","wieder","auf","dem","weg","nach",8
"49","was","ist","das","für","ein",8
"50","ist","denn","das","für","ein",8
"51","und","das","ist","auch","gut",8
"52","euch","allen","einen","guten","start",8
"53","sex","in","berlin","im","handel",8
"54","in","berlin","im","handel","und",8
"55","berlin","im","handel","und","portofrei",8
"56","im","handel","und","portofrei","für",8
"57","handel","und","portofrei","für","9,80",8
"58","und","portofrei","für","9,80","bei",8
"59","portofrei","für","9,80","bei","amazon.de",8
"60","für","9,80","bei","amazon.de","oder",8
"61","9,80","bei","amazon.de","oder","buecher.de",8
"62","dir","auch","einen","guten","morgen",8
"63","lesen","kann","ist","klar","im",8
"64","kann","ist","klar","im","vorteil",8
"65","das","ist","hier","die","frage",8
"66","ich","weiß","nicht","ob","ich",8
"67","7","was","das","wochenende","angeht",8
"68","was","das","wochenende","angeht","heute",8
"69","das","wochenende","angeht","heute","abend",8
"70","wochenende","angeht","heute","abend","freue",8
"71","angeht","heute","abend","freue","ich",8
"72","heute","abend","freue","ich","mich",8
"73","abend","freue","ich","mich","auf",8
"74","in","polen","und","der","ukraine",8
"75","in","der","nacht","zum","montag",8
"76","seit","mehr","als","zehn","jahren",8
"77","im","gespräch","mit","unserer","zeitung",8
"78","ich","geh","jetzt","ins","bett",7
"79","noch","nie","in","meinem","leben",7
"80","ich","schon","lange","nicht","mehr",7
"81","wünsche","euch","einen","guten","start",7
"82","ein","tolles","wochenende","und","viel",7
"83","tolles","wochenende","und","viel","spaß",7
"84","wochenende","und","viel","spaß","im",7
"85","und","viel","spaß","im","kino",7
"86","sieht","so","aus","als","ob",7
"87","das","wünsche","ich","dir","auch",7
"88","was","tut","man","nicht","alles",7
"89","auch","nicht","mehr","das","was",7
"90","freu","mich","schon","auf","die",7
"91","wünsche","allen","eine","gute","nacht",7
"92","danke","an","alle","die","da",7
"93","an","alle","die","da","waren",7
"94","robert","cias","debütroman","sex","in",7
"95","cias","debütroman","sex","in","berlin",7
"96","debütroman","sex","in","berlin","im",7
"97","müde","bin","ich","geh","zur",7
"98","und","das","ist","gut","so",7
"99","ich","freue","mich","auf","die",7
"100","in","einer","welt","in","der",7
"101","wer","lesen","kann","ist","klar",7
"102","wenn","das","so","weiter","geht",7
"103","guten","morgen","in","die","runde",7
"104","ich","bin","dann","mal","weg",7
"105","auf","die","suche","nach","einem",7
"106","wünsche","allen","ein","schönes","wochenende",7
"107","ich","würde","mich","freuen","wenn",7
"108","geplant","und","sonntag","möchte","ich",7
"109","das","gilt","auch","für","die",7
"110","sieht","es","so","aus","als",7
"111","präsentierten","sich","die","aktienkurse","im",7
"112","sich","die","aktienkurse","im","nachbörslichen",7
"113","die","aktienkurse","im","nachbörslichen","amerikanischen",7
"114","aktienkurse","im","nachbörslichen","amerikanischen","handel",7
"115","im","nachbörslichen","amerikanischen","handel","am",7
"116","im","vergleich","zum","regulären","geschäft",7
"117","vergleich","zum","regulären","geschäft","der",7
"118","zum","regulären","geschäft","der","nasdaq",7
"119","regulären","geschäft","der","nasdaq","after",7
"120","geschäft","der","nasdaq","after","hours",7
"121","der","nasdaq","after","hours","indicator",7
"122","fannie","mae","und","freddie","mac",7
"123","heißt","es","in","der","studie",7
"124","einen","schönen","start","in","die",6
"125","wir","freuen","uns","auf","die",6
"126","einen","guten","rutsch","ins","jahr",6
"127","guten","rutsch","ins","jahr","2011",6
"128","vielen","dank","für","#ff","und",6
"129","euch","allen","eine","gute","nacht",6
"130","bin","ich","ja","mal","gespannt",6
"131","guten","morgen","mit","dem","spruch",6
"132","morgen","mit","dem","spruch","des",6
"133","mit","dem","spruch","des","tages",6
"134","wünsche","euch","ein","schönes","wochenende",6
"135","ich","kann","mich","nicht","entscheiden",6
"136","#ff","und","ein","schönes","wochenende",6
"137","wünsche","einen","guten","start","in",6
"138","ist","denn","das","für","eine",6
"139","danke","für","den","tipp","ich",6
"140","habe","mich","sehr","darüber","gefreut",6
"141","ich","weiß","immer","noch","nicht",6
"142","vielen","dank","für","den","hinweis",6
"143","ich","drück","dir","die","daumen",6
"144","ist","das","denn","für","ein",6
"145","einen","guten","start","in","den",6
"146","sind","wir","nicht","alle","ein",6
"147","wir","wünschen","euch","einen","guten",6
"148","ich","wünsche","euch","allen","ein",6
"149","kann","mir","nicht","vorstellen","dass",6
"150","wir","freuen","uns","auf","den",6
"151","dann","bin","ich","mal","gespannt",6
"152","jetzt","muss","ich","nur","noch",6
"153","freu","mich","schon","auf","den",6
"154","wir","freuen","uns","auf","sie",6
"155","wir","freuen","uns","schon","auf",6
"156","mal","sehen","wie","lange","ich",6
"157","da","bin","ich","aber","froh",6
"158","ist","ja","nicht","so","dass",6
"159","was","ist","denn","da","los",6
"160","bin","auf","der","suche","nach",6
"161","wie","wäre","es","mit","einem",6
"162","ich","freu","mich","auf","den",6
"163","ich","wünsche","euch","einen","guten",6
"164","einen","guten","start","ins","wochenende",6
"165","bin","ich","mir","nicht","sicher",6
"166","es","handelt","sich","um","das",6
"167","kann","es","immer","noch","nicht",6
"168","die","vereinigten","staaten","von","amerika",6
"169","stellt","sich","die","frage","ob",6
"170","und","tippen","sie","anschließend","auf",6
"171","man","die","ultraschall","carvitation","und",6
"172","die","ultraschall","carvitation","und","das",6
"173","ultraschall","carvitation","und","das","ems",6
"174","carvitation","und","das","ems","training",6
"175","und","das","ems","training","miteinander",6
"176","das","ems","training","miteinander","wird",6
"177","ems","training","miteinander","wird","man",6
"178","dabei","handelt","es","sich","um",6
"179","auf","die","beine","zu","stellen",6
"180","in","den","vergangenen","drei","jahren",6
"181","hat","sich","in","den","vergangenen",6
"182","sich","in","den","vergangenen","monaten",6
"183","bundesarbeitsministerin","ursula","von","der","leyen",6
"184","es","so","aus","als","ob",6
"185","in","einem","gespräch","mit","der",6
"186","in","einem","interview","mit","der",6
"187","im","vergleich","zum","vorjahr","um",6
"188","hat","in","den","vergangenen","jahren",6
"189","sich","in","den","vergangenen","jahren",6
"190","ergebnis","vor","zinsen","und","steuern",6
"191","ministerpräsident","josé","luis","rodríguez","zapatero",6
"192","vor","zinsen","und","steuern","ebit",6
"193","in","der","nacht","zum","mittwoch",6
"194","handele","es","sich","um","eine",6
"195","kannte","ich","noch","gar","nicht",5
"196","na","da","bin","ich","aber",5
"197","da","bin","ich","mal","gespannt",5
"198","ich","hasse","es","wenn","ich",5
"199","vielen","dank","für","die","empfehlung",5
"200","ich","freue","mich","schon","sehr",5
"201","ich","das","noch","erleben","darf",5
"202","wir","wünschen","allen","einen","schönen",5
"203","paul","ein","alien","auf","der",5
"204","ein","alien","auf","der","flucht",5
"205","euch","allen","ein","schönes","wochenende",5
"206","morgen","ist","es","wieder","soweit",5
"207","wenn","du","denkst","es","geht",5
"208","du","denkst","es","geht","nicht",5
"209","denkst","es","geht","nicht","mehr",5
"210","kann","doch","nicht","wahr","sein",5
"211","bei","diana","in","gundelfingen","beim",5
"212","diana","in","gundelfingen","beim","rewe",5
"213","in","gundelfingen","beim","rewe","kommt",5
"214","gundelfingen","beim","rewe","kommt","alle",5
"215","beim","rewe","kommt","alle","und",5
"216","rewe","kommt","alle","und","bringt",5
"217","kommt","alle","und","bringt","eure",5
"218","das","erste","mal","dass","ich",5
"219","was","ist","der","unterschied","zwischen",5
"220","was","lange","währt","wird","endlich",5
"221","lange","währt","wird","endlich","gut",5
"222","ich","bin","mir","nicht","sicher",5
"223","wir","nicht","alle","ein","bisschen",5
"224","kann","mir","mal","jemand","erklären",5
"225","alles","gute","zum","geburtstag","und",5
"226","tut","man","nicht","alles","für",5
"227","auf","dem","weg","von","der",5
"228","es","ist","viel","zu","früh",5
"229","kenn","ich","nur","zu","gut",5
"230","das","was","es","mal","war",5
"231","allen","einen","guten","rutsch","ins",5
"232","ich","kann","so","nicht","arbeiten",5
"233","wünschen","euch","einen","guten","start",5
"234","wünscht","allen","einen","guten","start",5
"235","ist","es","endlich","so","weit",5
"236","ich","kann","mir","nicht","vorstellen",5
"237","einen","strich","durch","die","rechnung",5
"238","ist","gar","nicht","so","einfach",5
"239","da","hast","du","allerdings","recht",5
"240","bin","ich","geh","zur","ruh",5
"241","was","sein","muss","muss","sein",5
"242","bin","ich","aber","mal","gespannt",5
"243","vielen","dank","für","die","info",5
"244","man","stelle","sich","nur","vor",5
"245","wir","wünschen","euch","ein","schönes",5
"246","danke","für","die","schnelle","antwort",5
"247","die","welt","noch","in","ordnung",5
"248","alles","liebe","und","gute","zum",5
"249","liebe","und","gute","zum","geburtstag",5
"250","eine","frage","der","zeit","bis",5
"251","in","die","hand","zu","nehmen",5
"252","tag","der","offenen","tür","in",5
"253","in","deinem","land","nicht","verfügbar",5
"254","folgt","mir","nun","auf","twitter",5
"255","mir","nun","auf","twitter","yeah",5
"256","gehen","davon","aus","dass","sich",5
"257","ich","wünsche","allen","ein","schönes",5
"258","nur","noch","eine","frage","der",5
"259","noch","eine","frage","der","zeit",5
"260","in","den","letzten","zehn","jahren",5
"261","auf","die","suche","nach","einer",5
"262","das","kann","ja","heiter","werden",5
"263","und","was","mach","ich","jetzt",5
"264","ich","bin","ein","star","holt",5
"265","bin","ein","star","holt","mich",5
"266","ein","star","holt","mich","hier",5
"267","star","holt","mich","hier","raus",5
"268","sind","auf","der","suche","nach",5
"269","ich","kann","mir","vorstellen","dass",5
"270","zum","ersten","mal","in","meinem",5
"271","ersten","mal","in","meinem","leben",5
"272","ist","es","an","der","zeit",5
"273","wer","hat","an","der","uhr",5
"274","hat","an","der","uhr","gedreht",5
"275","in","der","stadt","in","der",5
"276","ich","freue","mich","schon","darauf",5
"277","euch","allen","ein","tolles","wochenende",5
"278","allen","ein","tolles","wochenende","und",5
"279","auf","der","suche","nach","den",5
"280","ich","kann","es","immer","noch",5
"281","wie","ein","roter","faden","durch",5
"282","in","diesem","sinne","wünsche","ich",5
"283","in","der","zeit","in","der",5
"284","von","der","ersten","bis","zur",5
"285","der","ersten","bis","zur","letzten",5
"286","in","einem","interview","mit","dem",5
"287","muskel","zur","kontraktion","an","wodurch",5
"288","zur","kontraktion","an","wodurch","die",5
"289","ich","bin","mir","sicher","dass",5
"290","seinen","körper","und","formt","die",5
"291","körper","und","formt","die","konturen",5
"292","bei","der","suche","nach","dem",5
"293","nur","auf","den","ersten","blick",5
"294","der","britische","premierminister","david","cameron",5
"295","steht","auf","einem","anderen","blatt",5
"296","auf","dem","weg","zu","einer",5
"297","in","der","nacht","zum","samstag",5
"298","in","einem","land","in","dem",5
"299","in","der","zweiten","hälfte","des",5
"300","zur","gestaltung","des","buchs","das",5
"301","gestaltung","des","buchs","das","cover",5
"302","stellt","sich","die","frage","wie",5
"303","ist","das","erste","mal","dass",5
"304","auf","der","anderen","seite","des",5
"305","es","sind","nicht","nur","die",5
"306","in","die","tat","umgesetzt","werden",5
"307","geht","es","vor","allem","um",5
"308","weniger","als","vor","einem","jahr",5
"309","in","den","vergangenen","wochen","und",5
"310","im","vergleich","zum","vorjahreszeitraum","um",5
"311","after","hours","indicator","stieg","um",5
"312","gespräch","mit","der","nachrichtenagentur","dpa",5
"313","prozent","im","vergleich","zum","vorjahr",5
"314","nicht","lange","auf","sich","warten",5
"315","hieß","es","in","einer","erklärung",5
"316","die","zeitung","unter","berufung","auf",5
"317","in","europa","und","den","usa",5
"318","wir","uns","auf","den","weg",5
"319","arbeitsministerin","ursula","von","der","leyen",5
"320","nach","informationen","von","welt","online",5
"321","sagte","er","der","süddeutschen","zeitung",5
"322","auf","den","tiefsten","stand","seit",5
"323","in","den","vereinigten","staaten","und",5
"324","20","bis","30","prozent","der",5
"325","mehr","als","90","prozent","der",5
"326","das","ergebnis","vor","zinsen","und",5
"327","des","französischen","präsidenten","nicolas","sarkozy",5
"328","der","new","york","stock","exchange",5
"329","der","französische","staatspräsident","nicolas","sarkozy",5
"330","auch","bundeskanzlerin","angela","merkel","cdu",5
"331","in","der","nacht","zum","freitag",5
"332","mehr","als","eine","halbe","million",5
"333","der","index","der","technologiebörse","nasdaq",5
"334","allen","einen","guten","morgen","und",4
"335","auf","dem","weg","nach","köln",4
"336","hab","ich","mir","auch","schon",4
"337","das","kommt","davon","wenn","man",4
"338","wir","freuen","uns","auf","interessante",4
"339","morgen","ist","auch","noch","ein",4
"340","und","einen","guten","rutsch","ins",4
"341","wir","freuen","uns","sehr","dass",4
"342","war","gar","nicht","so","schlimm",4
"343","mal","wieder","auf","dem","weg",4
"344","es","ist","nie","zu","spät",4
"345","ich","war","noch","nie","in",4
"346","nicht","mehr","und","nicht","weniger",4
"347","ich","bin","doch","gar","nicht",4
"348","tag","fängt","ja","gut","an",4
"349","vielen","dank","für","den","rt",4
"350","auf","dem","weg","zu","einem",4
"351","freuen","uns","auf","ihren","besuch",4
"352","guten","morgen","und","ein","schönes",4
"353","morgen","und","ein","schönes","wochenende",4
"354","das","ich","das","noch","erleben",4
"355","ich","glaube","nicht","dass","es",4
"356","ist","noch","nicht","zu","ende",4
"357","in","der","schweiz","und","in",4
"358","und","was","ist","mit","dem",4
"359","da","freu","ich","mich","aber",4
"360","wir","freuen","uns","auf","euren",4
"361","es","geht","nicht","mehr","kommt",4
"362","es","geht","doch","nichts","über",4
"363","nur","noch","wenige","tage","bis",4
"364","der","frühe","vogel","fängt","den",4
"365","frühe","vogel","fängt","den","wurm",4
"366","1","mal","in","meinem","leben",4
"367","das","kann","doch","nicht","wahr",4
"368","nicht","auf","den","kopf","gefallen",4
"369","an","die","8","11","90",4
"370","war","das","erste","mal","dass",4
"371","es","ist","wie","es","ist",4
"372","es","sieht","so","aus","als",4
"373","kommt","ne","frau","beim","arzt",4
"374","vielen","dank","für","die","schnelle",4
"375","bin","ich","eigentlich","der","einzige",4
"376","wünsche","euch","allen","einen","wunderschönen",4
"377","es","gibt","viel","zu","tun",4
"378","das","ist","doch","mal","was",4
"379","bin","ich","der","einzige","der",4
"380","noch","3","tage","bis","zum",4
"381","wäre","ja","auch","zu","schön",4
"382","ja","auch","zu","schön","gewesen",4
"383","da","hat","man","schon","mal",4
"384","die","schönste","stadt","der","welt",4
"385","weil","es","so","schön","ist",4
"386","ich","freue","mich","auf","den",4
"387","ist","auch","nicht","mehr","das",4
"388","so","ich","bin","dann","mal",4
"389","nichts","besseres","zu","tun","als",4
"390","freue","ich","mich","auf","die",4
"391","ich","bin","kein","freund","von",4
"392","das","erste","mal","in","meinem",4
"393","erste","mal","in","meinem","leben",4
"394","guten","start","in","den","tag",4
"395","ist","es","wieder","so","weit",4
"396","wünsche","dir","einen","schönen","tag",4
"397","wir","freuen","uns","auch","auf",4
"398","bin","auch","wieder","an","bord",4
"399","na","dann","bin","ich","mal",4
"400","auf","den","weg","zur","arbeit",4
"401","in","deutschland","österreich","und","der",4
"402","deutschland","österreich","und","der","schweiz",4
"403","es","gibt","doch","nichts","schöneres",4
"404","so","wird","das","nix","mit",4
"405","kennt","ihr","das","wenn","man",4
"406","stell","dir","vor","es","ist",4
"407","guten","morgen","und","einen","guten",4
"408","morgen","und","einen","guten","start",4
"409","lohnt","sich","auf","jeden","fall",4
"410","du","zeit","und","lust","hast",4
"411","nicht","das","gelbe","vom","ei",4
"412","was","für","ein","schöner","tag",4
"413","wie","wäre","es","denn","mit",4
"414","danke","für","den","hinweis","wir",4
"415","einen","erfolgreichen","start","in","die",4
"416","ich","bin","zu","alt","für",4
"417","es","kann","doch","nicht","sein",4
"418","kann","doch","nicht","sein","dass",4
"419","da","bin","ich","aber","mal",4
"420","nach","mainz","wiesbaden","frankfurt","oder",4
"421","mainz","wiesbaden","frankfurt","oder","weiter",4
"422","mal","sehen","was","der","tag",4
"423","ich","mich","auf","den","weg",4
"424","guten","morgen","und","einen","erfolgreichen",4
"425","wir","wünschen","euch","allen","einen",4
"426","ich","froh","dass","ich","nicht",4
"427","der","sinn","des","lebens","ist",4
"428","freue","mich","schon","auf","die",4
"429","hat","sich","in","den","letzten",4
"430","weit","aus","dem","fenster","gelehnt",4
"431","hab","ich","mich","auch","schon",4
"432","schlagzeilen","aus","einer","besseren","welt",4
"433","es","geht","nicht","um","die",4
"434","bin","mir","nicht","sicher","ob",4
"435","mich","mal","auf","den","weg",4
"436","hätte","nie","gedacht","dass","ich",4
"437","licht","am","ende","des","tunnels",4
"438","das","heißt","aber","nicht","dass",4
"439","menschen","plötzlich","sind","wenn","ein",4
"440","plötzlich","sind","wenn","ein","satz",4
"441","sind","wenn","ein","satz","anders",4
"442","wenn","ein","satz","anders","endet",4
"443","ein","satz","anders","endet","als",4
"444","satz","anders","endet","als","man",4
"445","anders","endet","als","man","es",4
"446","endet","als","man","es","kartoffel",4
"447","rt","man","stelle","sich","nur",4
"448","stelle","sich","nur","vor","die",4
"449","sich","nur","vor","die","leute",4
"450","nur","vor","die","leute","würden",4
"451","vor","die","leute","würden","zu",4
"452","die","leute","würden","zu","all",4
"453","leute","würden","zu","all","den",4
"454","würden","zu","all","den","plakatierten",4
"455","zu","all","den","plakatierten","parteiveranstaltungen",4
"456","all","den","plakatierten","parteiveranstaltungen","hingehen",4
"457","den","plakatierten","parteiveranstaltungen","hingehen","dann",4
"458","plakatierten","parteiveranstaltungen","hingehen","dann","müssten",4
"459","parteiveranstaltungen","hingehen","dann","müssten","plakatpartys",4
"460","einen","guten","start","ins","neue",4
"461","guten","start","ins","neue","jahr",4
"462","ich","wünsche","allen","einen","schönen",4
"463","ist","die","welt","noch","in",4
"464","ist","in","deinem","land","nicht",4
"465","noch","lange","nicht","am","ende",4
"466","dann","kann","ich","ja","jetzt",4
"467","unruhen","in","der","arabischen","welt",4
"468","das","gleiche","gilt","für","die",4
"469","bis","zu","einem","gewissen","grad",4
"470","und","dann","sind","da","noch",4
"471","dann","sind","da","noch","die",4
"472","am","morgen","vertreibt","kummer","und",4
"473","macht","sich","auf","den","weg",4
"474","vielen","dank","für","die","blumen",4
"475","wir","wünschen","allen","ein","schönes",4
"476","nur","für","den","fall","dass",4
"477","und","wir","freuen","uns","auf",4
"478","wann","ich","das","nächste","mal",4
"479","na","da","bin","ich","mal",4
"480","jetzt","auf","dem","weg","zum",4
"481","guten","morgen","welt","es","ist",4
"482","das","kann","ich","mir","vorstellen",4
"483","es","ist","nicht","so","dass",4
"484","wünsche","euch","einen","schönen","tag",4
"485","mich","auf","die","suche","nach",4
"486","auf","dem","weg","zum","flughafen",4
"487","gönnt","sich","ja","sonst","nichts",4
"488","ganz","oben","auf","der","liste",4
"489","ich","liebe","den","geruch","von",4
"490","guten","morgen","ich","wünsche","euch",4
"491","lasst","es","euch","gut","gehen",4
"492","der","link","funktioniert","leider","nicht",4
"493","und","was","macht","ihr","so",4
"494","berlin","berlin","wir","fahren","nach",4
"495","berlin","wir","fahren","nach","berlin",4
"496","wie","wäre","es","mal","mit",4
"497","einen","guten","start","in","eine",4
"498","vielen","dank","wir","freuen","uns",4
"499","zum","ersten","mal","in","dieser",4
"500","ersten","mal","in","dieser","saison",4
"501","es","gibt","zwei","arten","von",4
"502","so","dann","wollen","wir","mal",4
"503","eine","gute","nacht","und","einen",4
"504","das","leben","ist","zu","kurz",4
"505","auf","dem","weg","nach","berlin",4
"506","auf","dem","weg","zu","meinem",4
"507","an","dieser","stelle","möchte","ich",4
"508","es","nur","mir","so","vor",4
"509","ich","warte","immer","noch","auf",4
"510","wochenende","steht","vor","der","tür",4
"511","die","auf","der","suche","nach",4
"512","na","dann","wollen","wir","mal",4
"513","es","bei","euch","auch","so",4
"514","wie","kann","es","sein","dass",4
"515","jetzt","geht","es","um","die",4
"516","dann","wollen","wir","mal","sehen",4
"517","ich","freue","mich","auf","das",4
"518","ist","es","zu","verdanken","dass",4
"519","hierbei","handelt","es","sich","um",4
"520","die","würde","des","menschen","ist",4
"521","kann","ich","mir","nicht","vorstellen",4
"522","wie","kann","man","nur","so",4
"523","guten","morgen","guten","morgen","guten",4
"524","morgen","guten","morgen","guten","morgen",4
"525","guten","morgen","guten","morgen","sonnenschein",4
"526","keine","ahnung","was","das","ist",4
"527","ein","schönes","und","sonniges","wochenende",4
"528","auf","die","spur","zu","kommen",4
"529","ich","glaube","nicht","dass","der",4
"530","den","ganzen","tag","auf","der",4
"531","auch","auf","die","gefahr","hin",4
"532","im","gespräch","mit","spiegel","online",4
"533","man","gönnt","sich","ja","sonst",4
"534","ich","freue","mich","schon","auf",4
"535","es","gibt","noch","viel","zu",4
"536","das","ein","oder","andere","mal",4
"537","im","gegensatz","zu","den","anderen",4
"538","sieht","so","aus","als","wäre",4
"539","für","den","fall","dass","sie",4
"540","liebe","auf","den","ersten","blick",4
"541","mit","tränen","in","den","augen",4
"542","den","ausstieg","aus","der","atomenergie",4
"543","vielen","dank","für","die","vielen",4
"544","aus","dem","weg","zu","räumen",4
"545","euch","allen","einen","schönen","tag",4
"546","weiß","nicht","ob","ich","mich",4
"547","von","10","bis","18","uhr",4
"548","mir","nicht","sicher","ob","ich",4
"549","vor","nicht","allzu","langer","zeit",4
"550","noch","auf","der","suche","nach",4
"551","wird","sich","in","den","nächsten",4
"552","auch","das","ein","oder","andere",4
"553","habe","ich","zum","ersten","mal",4
"554","von","14","bis","18","uhr",4
"555","erhält","man","bei","dem","ems-training",4
"556","man","bei","dem","ems-training","eine",4
"557","ausrüstung","mit","daran","befestigten","elektroden",4
"558","mit","daran","befestigten","elektroden","diese",4
"559","daran","befestigten","elektroden","diese","elektroden",4
"560","der","zeit","die","ein","körperliches",4
"561","zeit","die","ein","körperliches","work-out",4
"562","die","ein","körperliches","work-out","benötigt",4
"563","ein","körperliches","work-out","benötigt","hätte",4
"564","hätte","die","elektroimpulse","sind","schmerzlos",4
"565","und","auch","bei","längerer","anwendung",4
"566","bis","s","zum","ende","der",4
"567","s","zum","ende","der","nacht",4
"568","ich","hätte","nie","gedacht","dass",4
"569","ich","vor","ein","paar","tagen",4
"570","auf","der","suche","nach","dem",4
"571","training","miteinander","wird","man","erfolgreich",4
"572","miteinander","wird","man","erfolgreich","und",4
"573","ich","wünsche","euch","allen","noch",4
"574","über","die","art","und","weise",4
"575","in","der","letzten","woche","habe",4
"576","der","letzten","woche","habe","ich",4
"577","von","einem","tag","auf","den",4
"578","in","den","griff","zu","kriegen",4
"579","ich","bin","schon","sehr","gespannt",4
"580","legt","man","beim","ems-training","nur",4
"581","durch","ems-training","erreicht","man","einen",4
"582","mit","salz","und","pfeffer","abschmecken",4
"583","in","der","new","york","times",4
"584","wir","haben","in","den","letzten",4
"585","einer","zeit","in","der","die",4
"586","in","eine","schüssel","geben","und",4
"587","sie","fallen","nicht","aus","und",4
"588","fallen","nicht","aus","und","haben",4
"589","nicht","aus","und","haben","keinen",4
"590","aus","und","haben","keinen","wundschmerz",4
"591","auch","die","eine","oder","andere",4
"592","und","so","weiter","und","so",4
"593","erreicht","man","nur","durch","die",4
"594","man","nur","durch","die","umwandlung",4
"595","nur","durch","die","umwandlung","von",4
"596","figur","die","von","dauer","ist",4
"597","die","von","dauer","ist","dies",4
"598","von","dauer","ist","dies","wird",4
"599","dauer","ist","dies","wird","mit",4
"600","ist","dies","wird","mit","der",4
"601","ich","hätte","nicht","gedacht","dass",4
"602","einem","bericht","der","bild","zeitung",4
"603","ich","bin","davon","überzeugt","dass",4
"604","uwe","m","uwe","b","und",4
"605","m","uwe","b","und","beate",4
"606","uwe","b","und","beate","z",4
"607","den","vergangenen","wochen","und","monaten",4
"608","lesen","sie","auf","der","nächsten",4
"609","sie","auf","der","nächsten","seite",4
"610","auch","in","diesem","jahr","wieder",4
"611","dass","es","sich","um","eine",4
"612","sprecher","von","eu-währungskommissar","olli","rehn",4
"613","nasdaq","after","hours","indicator","stieg",4
"614","die","europäische","zentralbank","ezb","hatte",4
"615","europäische","zentralbank","ezb","hatte","den",4
"616","zentralbank","ezb","hatte","den","referenzkurs",4
"617","ezb","hatte","den","referenzkurs","am",4
"618","bundeskanzlerin","angela","merkel","und","frankreichs",4
"619","nachbörslichen","amerikanischen","handel","am","montag",4
"620","amerikanischen","handel","am","montag","im",4
"621","handel","am","montag","im","vergleich",4
"622","am","montag","im","vergleich","zum",4
"623","montag","im","vergleich","zum","regulären",4
"624","im","falle","eines","schuldspruchs","drohen",4
"625","das","erste","mal","dass","die",4
"626","seit","mehr","als","einem","jahr",4
"627","eine","regierung","der","nationalen","einheit",4
"628","von","eu","und","internationalem","währungsfonds",4
"629","er","gehe","davon","aus","dass",4
"630","der","zeitung","bild","am","sonntag",4
"631","zum","ersten","mal","in","der",4
"632","der","griechische","finanzminister","evangelos","venizelos",4
"633","den","platz","an","der","sonne",4
"634","die","schuldenkrise","in","europa","und",4
"635","machen","wir","uns","auf","den",4
"636","von","eu-kommissionspräsident","josé","manuel","barroso",4
"637","aus","dem","in","und","ausland",4
"638","vereinbarkeit","von","familie","und","beruf",4
"639","der","ausbau","der","erneuerbaren","energien",4
"640","er","mit","blick","auf","die",4
"641","prozent","mehr","als","im","vorjahr",4
"642","mehr","als","eine","milliarde","euro",4
"643","es","könne","nicht","sein","dass",4
"644","bundesinnenminister","hans-peter","friedrich","csu","will",4
"645","von","bundesfinanzminister","wolfgang","schäuble","cdu",4
"646","von","derzeit","14,3","billionen","dollar",4
"647","die","rendite","der","zehnjährigen","bundesanleihe",4
"648","es","handele","sich","um","einen",4
"649","hat","in","den","vergangenen","monaten",4
"650","waren","in","den","vergangenen","wochen",4
"651","auf","einer","gemeinsamen","pressekonferenz","mit",4
"652","auf","die","frage","ob","er",4
"653","mit","bundeskanzlerin","angela","merkel","cdu",4
"654","bis","auf","den","letzten","platz",4
"655","sah","es","so","aus","als",4
"656","uwe","b","und","uwe","m",4
"657","in","den","kommenden","drei","jahren",4
"658","milliarden","euro","in","der","kreide",4
"659","in","der","frankfurter","allgemeinen","sonntagszeitung",4
"660","in","der","nacht","zum","dienstag",4
"661","nachrichtenagentur","kyodo","unter","berufung","auf",4
"662","und","dem","internationalen","währungsfonds","iwf",4
"663","hieß","es","in","der","mitteilung",4
"664","auf","den","höchsten","stand","seit",4
"665","in","der","vergangenen","woche","hat",4
"666","von","10","bis","12","uhr",4
"667","uwe","mundlos","uwe","böhnhardt","und",4
"668","mundlos","uwe","böhnhardt","und","beate",4
"669","den","ersten","neun","monaten","dieses",4
"670","ersten","neun","monaten","dieses","jahres",4
"671","in","den","vergangenen","vier","jahren",4
"672","auch","in","den","nächsten","jahren",4
"673","vor","steuern","zinsen","und","abschreibungen",4
"674","punkten","der","breiter","gefasste","s",4
"675","vor","zinsen","steuern","und","abschreibungen",4
"676","schönen","start","in","die","woche",3
"677","können","wenn","sie","wollen","frau",3
"678","wenn","sie","wollen","frau","merkel",3
"679","die","katze","aus","dem","sack",3
"680","ich","bin","so","stolz","auf",3
"681","ich","wünsche","euch","eine","schöne",3
"682","und","freue","mich","auf","die",3
"683","sich","an","als","hätte","jemand",3
"684","das","kann","ich","mir","nicht",3
"685","ich","denke","nicht","dass","ich",3
"686","ist","auch","noch","ein","tag",3
"687","frohe","weihnachten","und","einen","guten",3
"688","weihnachten","und","einen","guten","rutsch",3
"689","hand","in","hand","mit","der",3
"690","noch","nicht","mal","die","hälfte",3
"691","dann","kann","ja","nichts","mehr",3
"692","der","apfel","fällt","nicht","weit",3
"693","apfel","fällt","nicht","weit","vom",3
"694","von","der","ersten","sekunde","an",3
"695","freue","mich","schon","sehr","auf",3
"696","mir","fällt","gerade","auf","dass",3
"697","auf","dem","weg","nach","münchen",3
"698","mich","jetzt","schon","auf","den",3
"699","hätte","ich","jetzt","bock","auf",3
"700","ich","weiß","ja","nicht","ob",3
"701","ist","immer","ein","guter","anfang",3
"702","der","tag","fängt","ja","gut",3
"703","war","ich","schon","lange","nicht",3
"704","ich","bin","auf","dem","weg",3
"705","wer","a","sagt","muss","auch",3
"706","a","sagt","muss","auch","b",3
"707","wir","freuen","uns","auf","ihren",3
"708","guttenbergwochen","bei","twitter","einfach","den",3
"709","bei","twitter","einfach","den","tweet",3
"710","twitter","einfach","den","tweet","eines",3
"711","einfach","den","tweet","eines","freundes",3
"712","den","tweet","eines","freundes","kopieren",3
"713","tweet","eines","freundes","kopieren","und",3
"714","eines","freundes","kopieren","und","als",3
"715","freundes","kopieren","und","als","eigenen",3
"716","kopieren","und","als","eigenen","tweet",3
"717","und","als","eigenen","tweet","veröffentlichen",3
"718","als","eigenen","tweet","veröffentlichen","ohne",3
"719","eigenen","tweet","veröffentlichen","ohne","quellenangaben",3
"720","auf","jedem","schiff","das","dampft",3
"721","ich","weiß","gar","nicht","wie",3
"722","von","18","bis","20","uhr",3
"723","ein","gutes","hat","es","ja",3
"724","bin","mir","sicher","dass","es",3
"725","allen","ein","frohes","neues","jahr",3
"726","guten","morgen","aktuell","in","forchheim",3
"727","der","countdown","läuft","nur","noch",3
"728","nur","noch","3","tage","bis",3
"729","bin","ich","die","einzige","die",3
"730","aber","was","ist","mit","den",3
"731","ich","freu","mich","schon","drauf",3
"732","kann","ich","nur","zurück","geben",3
"733","freuen","uns","auf","euren","besuch",3
"734","tut","mir","leid","dass","ich",3
"735","und","wenn","du","denkst","es",3
"736","geht","nicht","mehr","kommt","von",3
"737","nicht","mehr","kommt","von","irgendwo",3
"738","jetzt","auf","dem","weg","nach",3
"739","wie","es","so","schön","heißt",3
"740","sich","auf","jeden","fall","gelohnt",3
"741","wie","war","das","mit","dem",3
"742","sollte","man","auf","jeden","fall",3
"743","es","handelt","sich","um","einen",3
"744","wir","wünschen","euch","ein","tolles",3
"745","man","tut","was","man","kann",3
"746","wie","schnell","die","zeit","vergeht",3
"747","mal","sehen","wie","lange","das",3
"748","das","ist","in","der","tat",3
"749","guten","morgen","liebe","sorgen","seid",3
"750","morgen","liebe","sorgen","seid","ihr",3
"751","liebe","sorgen","seid","ihr","auch",3
"752","sorgen","seid","ihr","auch","schon",3
"753","gibts","freigetränke","bei","diana","in",3
"754","freigetränke","bei","diana","in","gundelfingen",3
"755","alle","und","bringt","eure","bekannte",3
"756","und","bringt","eure","bekannte","mit",3
"757","die","8","11","90","und",3
"758","vielen","dank","für","die","freundliche",3
"759","dank","für","die","freundliche","begrüßung",3
"760","ich","fühle","mich","heute","so",3
"761","hast","du","mich","gerade","fett",3
"762","du","mich","gerade","fett","genannt",3
"763","vielen","dank","an","alle","teilnehmer",3
"764","wo","bin","ich","denn","hier",3
"765","was","mach","ich","denn","jetzt",3
"766","euch","ein","frohes","neues","jahr",3
"767","wir","wünschen","ihnen","ein","schönes",3
"768","da","fühlt","man","sich","wie",3
"769","vielleicht","liegt","es","daran","dass",3
"770","ich","eigentlich","der","einzige","der",3
"771","eigentlich","der","einzige","der","bei",3
"772","da","bin","ich","ja","gespannt",3
"773","und","ich","werden","wohl","keine",3
"774","mal","sehen","ob","ich","heute",3
"775","ob","sie","wollen","oder","nicht",3
"776","weiß","immer","noch","nicht","was",3
"777","wenn","das","internet","voll","ist",3
"778","das","war","mal","wieder","ein",3
"779","lange","nicht","mehr","so","viel",3
"780","hoffe","es","geht","dir","gut",3
"781","exit","through","the","gift","shop",3
"782","ich","schon","lang","nicht","mehr",3
"783","und","dann","war","da","noch",3
"784","dann","war","da","noch","der",3
"785","wünsche","euch","einen","schönen","abend",3
"786","was","gibt","es","schöneres","als",3
"787","nicht","in","der","lage","sind",3
"788","wo","du","recht","hast","hast",3
"789","du","recht","hast","hast","du",3
"790","recht","hast","hast","du","recht",3
"791","wünsche","euch","allen","einen","guten",3
"792","wie","wäre","es","mit","einer",3
"793","neigt","sich","dem","ende","entgegen",3
"794","für","rückfracht","oder","beiladung","nach",3
"795","aber","man","kann","sich","ja",3
"796","es","kann","nur","besser","werden",3
"797","mir","mal","jemand","erklären","warum",3
"798","das","geht","ja","gar","nicht",3
"799","fluch","der","karibik","fremde","gezeiten",3
"800","aber","was","tut","man","nicht",3
"801","man","nicht","alles","für","die",3
"802","ich","hab","kein","bock","mehr",3
"803","instituts","für","internet","und","gesellschaft",3
"804","tage","an","denen","man","sich",3
"805","gerade","zum","ersten","mal","in",3
"806","und","ich","freue","mich","auf",3
"807","nicht","mehr","das","was","es",3
"808","mehr","das","was","es","mal",3
"809","wir","freuen","uns","über","neue",3
"810","der","frühe","vogel","kann","mich",3
"811","frühe","vogel","kann","mich","mal",3
"812","auf","jeden","fall","ist","das",3
"813","ist","es","dann","doch","nicht",3
"814","vielen","dank","für","den","#ff",3
"815","für","den","#ff","und","ein",3
"816","den","#ff","und","ein","schönes",3
"817","song","of","ice","and","fire",3
"818","am","anderen","ende","der","leitung",3
"819","jetzt","freu","ich","mich","auf",3
"820","wir","arbeiten","mit","hochdruck","an",3
"821","guten","morgen","wir","wünschen","euch",3
"822","morgen","wir","wünschen","euch","einen",3
"823","leben","kann","so","schön","sein",3
"824","ich","freu","mich","auf","dich",3
"825","allen","eine","gute","nacht","und",3
"826","wenn","man","ihn","mal","braucht",3
"827","min","später","technische","störung","am",3
"828","später","technische","störung","am","zug",3
"829","vielen","dank","für","den","tipp",3
"830","dann","kannst","du","ja","jetzt",3
"831","hat","jemand","einen","tipp","für",3
"832","morgen","ist","es","endlich","so",3
"833","geteiltes","leid","ist","halbes","leid",3
"834","für","die","einen","ist","es",3
"835","die","die","welt","nicht","braucht",3
"836","wir","sind","froh","dass","es",3
"837","das","war","schon","immer","so",3
"838","wir","dürfen","nicht","vergessen","dass",3
"839","ist","auf","dem","weg","zur",3
"840","mich","jetzt","auf","den","weg",3
"841","einen","guten","start","in","ein",3
"842","freu","mich","schon","auf","das",3
"843","dir","auch","einen","schönen","tag",3
"844","vor","der","tür","und","die",3
"845","wie","ist","das","wetter","bei",3
"846","guten","morgen","und","eine","schöne",3
"847","morgen","und","eine","schöne","woche",3
"848","nach","langer","zeit","mal","wieder",3
"849","freu","dich","nicht","zu","früh",3
"850","habe","ich","das","gefühl","dass",3
"851","wünsche","allen","einen","schönen","sonntag",3
"852","dann","fiel","mir","ein","dass",3
"853","wie","geil","is","das","denn",3
"854","und","der","rest","der","welt",3
"855","bin","auf","dem","weg","zum",3
"856","ich","mich","auch","schon","gefragt",3
"857","so","ein","tag","an","dem",3
"858","ein","tag","an","dem","ich",3
"859","auch","von","mir","alles","gute",3
"860","freue","mich","schon","sehr","darauf",3
"861","ein","schönes","wochenende","an","alle",3
"862","ich","hab","keine","ahnung","was",3
"863","mir","sehr","gut","gefallen","hat",3
"864","wenn","du","zeit","und","lust",3
"865","cool","danke","für","den","tipp",3
"866","vielen","dank","für","die","tollen",3
"867","auch","einen","guten","morgen","und",3
"868","nicht","mehr","das","was","sie",3
"869","gott","sei","dank","ist","das",3
"870","wir","sind","auf","dem","weg",3
"871","was","ist","denn","mit","dem",3
"872","wo","hast","du","das","denn",3
"873","ist","mir","gar","nicht","aufgefallen",3
"874","mir","noch","nicht","ganz","sicher",3
"875","vielen","dank","für","rt","und",3
"876","das","ist","ja","mal","eine",3
"877","freuen","sie","sich","auf","die",3
"878","ja","schon","lange","nicht","mehr",3
"879","bin","am","überlegen","ob","ich",3
"880","besuchen","sie","uns","auf","der",3
"881","nicht","das","erste","mal","dass",3
"882","ich","bin","gespannt","auf","die",3
"883","beiladung","nach","mainz","wiesbaden","frankfurt",3
"884","sehen","was","der","tag","so",3
"885","was","der","tag","so","bringt",3
"886","so","kann","ich","nicht","arbeiten",3
"887","ich","wünsche","euch","allen","eine",3
"888","in","der","schönsten","stadt","der",3
"889","der","schönsten","stadt","der","welt",3
"890","na","dann","viel","spass","und",3
"891","bei","mir","um","die","ecke",3
"892","und","damit","meine","ich","nicht",3
"893","erfolgreichen","start","in","die","neue",3
"894","na","dann","mal","alles","gute",3
"895","das","ist","nicht","wahr","oder",3
"896","mühsam","ernährt","sich","das","eichhörnchen",3
"897","halte","ich","für","ein","gerücht",3
"898","so","schnell","wie","möglich","wieder",3
"899","ich","habe","noch","nicht","mal",3
"900","wo","wir","gerade","beim","thema",3
"901","dann","hat","sich","das","für",3
"902","was","würden","wir","nur","ohne",3
"903","war's","dann","wohl","mit","dem",3
"904","wenn","ich","mich","recht","erinnere",3
"905","vielleicht","sieht","man","sich","ja",3
"906","um","19","uhr","in","der",3
"907","das","ist","der","grund","warum",3
"908","habe","ich","in","den","letzten",3
"909","ich","in","den","letzten","tagen",3
"910","wird","in","den","nächsten","tagen",3
"911","nicht","auf","dem","rücken","der",3
"912","das","ist","auch","ein","grund",3
"913","wenn","einer","eine","reise","tut",3
"914","danke","für","den","tipp","mal",3
"915","aber","ich","glaube","nicht","dass",3
"916","bin","ich","aber","froh","dass",3
"917","rt","man","soll","nichts","gegen",3
"918","man","soll","nichts","gegen","akws",3
"919","soll","nichts","gegen","akws","in",3
"920","nichts","gegen","akws","in","d",3
"921","gegen","akws","in","d","sagen",3
"922","akws","in","d","sagen","weil",3
"923","in","d","sagen","weil","j",3
"924","d","sagen","weil","j","weit",3
"925","sagen","weil","j","weit","weg",3
"926","weil","j","weit","weg","ist",3
"927","j","weit","weg","ist","meinen",3
"928","weit","weg","ist","meinen","leute",3
"929","weg","ist","meinen","leute","die",3
"930","ist","meinen","leute","die","bei",3
"931","meinen","leute","die","bei","jedem",3
"932","leute","die","bei","jedem","furz",3
"933","die","bei","jedem","furz","von",3
"934","bei","jedem","furz","von","bin",3
"935","jedem","furz","von","bin","laden",3
"936","furz","von","bin","laden","hier",3
"937","von","bin","laden","hier","die",3
"938","bin","laden","hier","die","vollüber",3
"939","schau","ich","mir","gleich","mal",3
"940","ich","mir","gleich","mal","an",3
"941","zu","weit","aus","dem","fenster",3
"942","für","jeden","ist","etwas","dabei",3
"943","ich","sehe","gerade","dass","ich",3
"944","dann","mache","ich","mich","mal",3
"945","leben","in","einer","welt","in",3
"946","sehen","wir","uns","heute","abend",3
"947","erstaunlich","wie","verwirrt","menschen","plötzlich",3
"948","wie","verwirrt","menschen","plötzlich","sind",3
"949","verwirrt","menschen","plötzlich","sind","wenn",3
"950","und","das","war","es","auch",3
"951","also","noch","luft","nach","oben",3
"952","geburtstag","habe","mich","sehr","darüber",3
"953","aber","besser","spät","als","nie",3
"954","die","art","und","weise","des",3
"955","da","muss","ich","auch","mal",3
"956","it","off","and","on","again",3
"957","ganz","zu","schweigen","von","den",3
"958","ich","freue","mich","über","die",3
"959","wie","alt","bist","du","eigentlich",3
"960","auf","dem","weg","nach","stuttgart",3
"961","hatte","ich","auch","schon","mal",3
"962","ich","für","meinen","teil","habe",3
"963","auch","wenn","es","schwer","fällt",3
"964","8","11","90","und","spende",3
"965","11","90","und","spende","5",3
"966","freue","mich","über","feedback","in",3
"967","mich","über","feedback","in","meinem",3
"968","über","feedback","in","meinem","gästebuch",3
"969","feedback","in","meinem","gästebuch","auf",3
"970","in","meinem","gästebuch","auf","der",3
"971","ein","leben","ohne","mops","ist",3
"972","leben","ohne","mops","ist","möglich",3
"973","ohne","mops","ist","möglich","aber",3
"974","mops","ist","möglich","aber","sinnlos",3
"975","in","der","politik","ist","es",3
"976","und","ich","bin","immer","noch",3
"977","gleicher","lohn","für","gleiche","arbeit",3
"978","harry","potter","und","die","heiligtümer",3
"979","potter","und","die","heiligtümer","des",3
"980","und","die","heiligtümer","des","todes",3
"981","die","heiligtümer","des","todes","teil",3
"982","heiligtümer","des","todes","teil","2",3
"983","ist","der","tag","an","dem",3
"984","der","tag","an","dem","ich",3
"985","morgen","und","einen","erfolgreichen","tag",3
"986","es","handelt","sich","um","eine",3
"987","wir","freuen","uns","über","den",3
"988","ich","weiß","es","nicht","aber",3
"989","vielen","dank","für","das","feedback",3
"990","mir","da","nicht","so","sicher",3
"991","danke","wünsch","ich","dir","auch",3
"992","und","einen","guten","start","ins",3
"993","guten","morgen","deutschland","guten","morgen",3
"994","komme","ich","auf","jeden","fall",3
"995","wir","bedanken","uns","bei","allen",3
"996","dir","auch","einen","schönen","abend",3
"997","hat","ja","lange","genug","gedauert",3
"998","bald","ist","es","so","weit",3
"999","bin","ich","froh","dass","es",3
"1000","das","ist","das","was","ich",3
"1001","oh","wie","ist","das","schön",3
"1002","morgen","vertreibt","kummer","und","sorgen",3
"1003","hat","jemand","von","euch","schon",3
"1004","den","hunger","in","der","welt",3
"1005","aber","ich","weiß","nicht","ob",3
"1006","alles","alles","gute","zum","geburtstag",3
"1007","das","kann","doch","nicht","sein",3
"1008","das","ist","jetzt","die","frage",3
"1009","uns","in","halle","5","stand",3
"1010","da","weiß","man","was","man",3
"1011","ich","bin","auf","der","suche",3
"1012","es","ist","mal","wieder","soweit",3
"1013","was","ist","eigentlich","mit","dem",3
"1014","experten","gehen","davon","aus","dass",3
"1015","ein","schelm","der","böses","dabei",3
"1016","schelm","der","böses","dabei","denkt",3
"1017","kann","ich","mich","nicht","mehr",3
"1018","ich","mich","nicht","mehr","erinnern",3
"1019","jeden","tag","ein","bisschen","besser",3
"1020","für","den","fall","dass","ich",3
"1021","der","wahl","ist","vor","der",3
"1022","noch","lange","nicht","dass","sie",3
"1023","das","hab","ich","auch","gedacht",3
"1024","heißen","waffeln","und","einer","neuen",3
"1025","waffeln","und","einer","neuen","geschichte",3
"1026","und","einer","neuen","geschichte","von",3
"1027","einer","neuen","geschichte","von","wilhelm",3
"1028","neuen","geschichte","von","wilhelm","busch",3
"1029","wenn","es","so","weit","ist",3
"1030","ich","glaube","ich","werde","krank",3
"1031","hab","ich","ja","noch","nie",3
"1032","ich","zum","ersten","mal","seit",3
"1033","#handball","#wm","der","#männer","in",3
"1034","steht","es","im","#spiel","#deutschland",3
"1035","es","im","#spiel","#deutschland","vs",3
"1036","vielen","dank","für","die","erwähnung",3
"1037","in","der","bild","am","sonntag",3
"1038","guten","morgen","an","diesem","schönen",3
"1039","kann","mir","jemand","sagen","wie",3
"1040","ich","weiß","das","sehr","zu",3
"1041","weiß","das","sehr","zu","schätzen",3
"1042","in","der","lage","ist","die",3
"1043","die","ich","in","den","letzten",3
"1044","und","ich","dachte","immer","die",3
"1045","schönen","sonntag","wünsche","ich","euch",3
"1046","da","muss","man","sich","doch",3
"1047","danke","an","alle","die","uns",3
"1048","nicht","so","wie","ich","das",3
"1049","so","wie","ich","das","will",3
"1050","es","gibt","kein","schlechtes","wetter",3
"1051","ist","ein","bisschen","wie","in",3
"1052","was","mach","ich","jetzt","mit",3
"1053","wird","in","diesem","jahr","mit",3
"1054","wir","wünschen","ein","schönes","wochenende",3
"1055","das","wetter","spielt","auch","mit",3
"1056","danke","an","für","den","hinweis",3
"1057","bei","der","entscheidung","über","die",3
"1058","der","letzte","macht","das","licht",3
"1059","letzte","macht","das","licht","aus",3
"1060","wenn","ich","das","richtig","verstanden",3
"1061","wir","freuen","uns","auf","alle",3
"1062","aktuelles","#wetter","für","augsburg","#wetteraugsburg",3
"1063","ich","freue","mich","so","sehr",3
"1064","die","frage","ist","nur","ob",3
"1065","ich","mag","es","nicht","wenn",3
"1066","mal","auf","den","weg","zum",3
"1067","was","sind","das","denn","für",3
"1068","von","17","bis","19","uhr",3
"1069","ich","weiß","gar","nicht","mehr",3
"1070","die","man","sich","vorstellen","kann",3
"1071","und","ich","dachte","schon","ich",3
"1072","freue","ich","mich","auf","ein",3
"1073","ich","weiß","gar","nicht","ob",3
"1074","auf","den","weg","in","den",3
"1075","ab","ins","bett","gute","nacht",3
"1076","bin","ich","froh","wenn","ich",3
"1077","deutschland","ist","#erneuerbar","taten","statt",3
"1078","ist","#erneuerbar","taten","statt","warten",3
"1079","in","den","letzten","10","jahren",3
"1080","dann","wollen","wir","mal","die",3
"1081","ich","hatte","noch","nie","so",3
"1082","bin","auf","dem","weg","nach",3
"1083","dann","hoffen","wir","mal","dass",3
"1084","wusste","ich","noch","gar","nicht",3
"1085","morgen","in","die","runde","und",3
"1086","mit","fast","furious","five","und",3
"1087","fast","furious","five","und","thor",3
"1088","furious","five","und","thor","3d",3
"1089","five","und","thor","3d","in",3
"1090","und","thor","3d","in","den",3
"1091","thor","3d","in","den","mai",3
"1092","3d","in","den","mai","tanzen",3
"1093","jetzt","im","u","selinks","radio",3
"1094","so","war","das","nicht","gemeint",3
"1095","ich","weiß","auch","nicht","was",3
"1096","dir","auch","ein","schönes","we",3
"1097","kommt","es","nur","mir","so",3
"1098","nur","mir","so","vor","oder",3
"1099","ist","das","einzige","was","ich",3
"1100","kann","es","sein","dass","die",3
"1101","ist","das","alles","nur","ein",3
"1102","das","wochenende","steht","vor","der",3
"1103","an","dieser","stelle","einfach","mal",3
"1104","geht","ja","mal","gar","nicht",3
"1105","nun","auf","dem","weg","nach",3
"1106","auf","der","suche","nach","nem",3
"1107","wer","bist","du","und","was",3
"1108","vielen","dank","für","die","rts",3
"1109","beim","nächsten","mal","werde","ich",3
"1110","steht","nichts","mehr","im","wege",3
"1111","jetzt","ist","es","zu","spät",3
"1112","mache","mich","gleich","auf","den",3
"1113","mich","gleich","auf","den","weg",3
"1114","geht","mir","tierisch","auf","den",3
"1115","doch","keine","so","gute","idee",3
"1116","da","hast","du","wohl","recht",3
"1117","bei","uns","in","der","nähe",3
"1118","tja","was","soll","ich","sagen",3
"1119","du","sprichst","mir","aus","der",3
"1120","sprichst","mir","aus","der","seele",3
"1121","euch","allen","einen","guten","rutsch",3
"1122","geht","in","die","nächste","runde",3
"1123","die","stimmen","in","meinem","kopf",3
"1124","jemand","ne","idee","wie","ich",3
"1125","mich","jetzt","schon","auf","die",3
"1126","nichts","zu","tun","haben","will",3
"1127","ich","freue","mich","dass","ich",3
"1128","in","den","wahnsinn","zu","treiben",3
"1129","woche","wir","freuen","uns","auf",3
"1130","nicht","alles","gold","was","glänzt",3
"1131","und","was","ist","mit","den",3
"1132","wer","hätte","gedacht","dass","ich",3
"1133","alles","alles","liebe","zum","geburtstag",3
"1134","nur","noch","4","tage","bis",3
"1135","ist","ja","auch","kein","wunder",3
"1136","grüße","und","ein","schönes","we",3
"1137","wünsche","euch","einen","schönen","sonntag",3
"1138","würde","des","menschen","ist","unantastbar",3
"1139","das","ist","einer","der","gründe",3
"1140","und","wenn","sie","nicht","gestorben",3
"1141","ein","schritt","in","die","richtige",3
"1142","mein","name","ist","lohse","ich",3
"1143","name","ist","lohse","ich","kaufe",3
"1144","ist","lohse","ich","kaufe","hier",3
"1145","lohse","ich","kaufe","hier","ein",3
"1146","und","ich","würde","mich","freuen",3
"1147","mal","sehen","ob","das","klappt",3
"1148","aber","das","kennt","ihr","ja",3
"1149","vielen","dank","fürs","folgen","und",3
"1150","na","da","freu","ich","mich",3
"1151","einfach","nicht","in","der","lage",3
"1152","es","sich","nicht","um","die",3
"1153","allen","ein","schönes","und","sonniges",3
"1154","trennung","von","staat","und","religion",3
"1155","wir","wünschen","euch","ein","wunderschönes",3
"1156","das","ist","ja","mal","ein",3
"1157","sag","doch","einfach","dass","du",3
"1158","ich","glaub","ich","muss","mir",3
"1159","das","ist","aber","nicht","so",3
"1160","es","ist","zeit","für","einen",3
"1161","allen","einen","guten","start","ins",3
"1162","wir","melden","uns","bei","ihnen",3
"1163","in","den","nächsten","jahren","auf",3
"1164","danke","für","die","grüße","und",3
"1165","ich","fühle","mich","wie","ein",3
"1166","ist","ja","auch","so","ein",3
"1167","uci","wünscht","euch","allen","ein",3
"1168","wünscht","euch","allen","ein","tolles",3
"1169","das","war","das","erste","mal",3
"1170","dass","es","dir","gut","geht",3
"1171","guten","morgen","und","allen","einen",3
"1172","euch","allen","einen","schönen","abend",3
"1173","wünsche","euch","einen","schönen","feierabend",3
"1174","ich","weiß","ja","nicht","was",3
"1175","für","rt","und","einen","schönen",3
"1176","muss","ehrlich","sagen","dass","ich",3
"1177","beate","uhse","das","recht","auf",3
"1178","uhse","das","recht","auf","liebe",3
"1179","kluft","zwischen","arm","und","reich",3
"1180","die","klinke","in","die","hand",3
"1181","klinke","in","die","hand","geben",3
"1182","kann","es","doch","nicht","sein",3
"1183","wie","aus","einer","anderen","zeit",3
"1184","ist","das","denn","für","ne",3
"1185","gar","nicht","so","schlecht","für",3
"1186","auch","nicht","das","gelbe","vom",3
"1187","gibt","doch","nichts","schöneres","als",3
"1188","nächste","woche","geht","es","wieder",3
"1189","rund","um","die","uhr","in",3
"1190","das","kann","kein","zufall","sein",3
"1191","leben","ist","zu","kurz","um",3
"1192","von","10","bis","16","uhr",3
"1193","mal","wieder","zeit","für","ein",3
"1194","guten","morgen","#ruhrgebiet","und","rest",3
"1195","morgen","#ruhrgebiet","und","rest","der",3
"1196","#ruhrgebiet","und","rest","der","welt",3
"1197","das","kann","ja","was","werden",3
"1198","start","in","die","neue","arbeitswoche",3
"1199","ich","bin","so","froh","dass",3
"1200","in","halle","an","der","saale",3
"1201","hat","sich","die","zahl","der",3
"1202","auf","der","anderen","seite","ist",3
"1203","mit","der","suche","nach","einem",3
"1204","ab","19","uhr","in","der",3
"1205","an","den","tagen","an","denen",3
"1206","ich","kann","mich","noch","an",3
"1207","was","hast","du","denn","für",3
"1208","dass","ich","gar","nicht","weiß",3
"1209","kann","ich","mir","gut","vorstellen",3
"1210","ich","mich","jetzt","schon","auf",3
"1211","kann","ich","auch","nicht","mehr",3
"1212","es","ist","auf","jeden","fall",3
"1213","kombination","aus","ultraschall","carvitation","und",3
"1214","aus","ultraschall","carvitation","und","ems",3
"1215","ultraschall","carvitation","und","ems","training",3
"1216","carvitation","und","ems","training","ist",3
"1217","und","ems","training","ist","perfekt",3
"1218","ems","training","ist","perfekt","dazu",3
"1219","training","ist","perfekt","dazu","geeignet",3
"1220","ist","perfekt","dazu","geeignet","unkomplizierterfolgreich",3
"1221","perfekt","dazu","geeignet","unkomplizierterfolgreich","und",3
"1222","die","problemzonen","zu","entfernen","und",3
"1223","problemzonen","zu","entfernen","und","den",3
"1224","zu","entfernen","und","den","körper",3
"1225","entfernen","und","den","körper","zu",3
"1226","und","den","körper","zu","straffen",3
"1227","den","körper","zu","straffen","und",3
"1228","körper","zu","straffen","und","zu",3
"1229","zu","straffen","und","zu","modellieren",3
"1230","einen","schönen","sonntag","wünsche","ich",3
"1231","hatte","das","nichts","zu","tun",3
"1232","das","mit","mir","zu","tun",3
"1233","mit","mir","zu","tun","hat",3
"1234","um","bis","zu","30","prozent",3
"1235","es","geht","um","mehr","als",3
"1236","ist","es","nicht","so","dass",3
"1237","mehr","als","einer","woche","im",3
"1238","gegen","die","macht","der","banken",3
"1239","ist","es","auf","jeden","fall",3
"1240","es","stellte","sich","heraus","dass",3
"1241","ist","auf","dem","weg","nach",3
"1242","ersten","bis","zur","letzten","seite",3
"1243","das","erste","mal","dass","ein",3
"1244","aber","man","weiß","ja","nie",3
"1245","und","das","nicht","nur","im",3
"1246","ich","weiß","nicht","ob","es",3
"1247","anders","und","zweitens","als","man",3
"1248","und","zweitens","als","man","denkt",3
"1249","mal","sehen","wie","sich","das",3
"1250","ems","ist","die","abkürzung","von",3
"1251","ist","die","abkürzung","von","elektromyostimulation",3
"1252","die","abkürzung","von","elektromyostimulation","elektroimpulse",3
"1253","elektromyostimulation","elektroimpulse","trainieren","ohne","bewegung",3
"1254","elektroimpulse","trainieren","ohne","bewegung","die",3
"1255","trainieren","ohne","bewegung","die","verschiedenen",3
"1256","bei","dem","ems-training","eine","entsprechende",3
"1257","dem","ems-training","eine","entsprechende","ausrüstung",3
"1258","ems-training","eine","entsprechende","ausrüstung","mit",3
"1259","eine","entsprechende","ausrüstung","mit","daran",3
"1260","entsprechende","ausrüstung","mit","daran","befestigten",3
"1261","befestigten","elektroden","diese","elektroden","regen",3
"1262","elektroden","diese","elektroden","regen","jeden",3
"1263","diese","elektroden","regen","jeden","einzelnen",3
"1264","elektroden","regen","jeden","einzelnen","muskel",3
"1265","regen","jeden","einzelnen","muskel","zur",3
"1266","jeden","einzelnen","muskel","zur","kontraktion",3
"1267","einzelnen","muskel","zur","kontraktion","an",3
"1268","kontraktion","an","wodurch","die","muskulatur",3
"1269","an","wodurch","die","muskulatur","gestärkt",3
"1270","wodurch","die","muskulatur","gestärkt","wird",3
"1271","die","elektroimpulse","sind","schmerzlos","risikofrei",3
"1272","elektroimpulse","sind","schmerzlos","risikofrei","und",3
"1273","sind","schmerzlos","risikofrei","und","auch",3
"1274","schmerzlos","risikofrei","und","auch","bei",3
"1275","risikofrei","und","auch","bei","längerer",3
"1276","bleibt","zu","hoffen","dass","die",3
"1277","über","diät-produkte","nicht","mehr","retten",3
"1278","ich","kann","nur","sagen","dass",3
"1279","im","vergleich","zu","den","letzten",3
"1280","der","in","der","vergangenen","woche",3
"1281","menschen","überall","auf","der","welt",3
"1282","ich","noch","nie","in","meinem",3
"1283","sich","im","laufe","der","zeit",3
"1284","für","mich","war","es","eine",3
"1285","kriege","im","irak","und","in",3
"1286","im","irak","und","in","afghanistan",3
"1287","es","ist","kein","zufall","dass",3
"1288","wie","macht","ihr","das","mit",3
"1289","in","den","letzten","zwei","jahren",3
"1290","in","welcher","form","auch","immer",3
"1291","es","handelt","sich","dabei","um",3
"1292","auch","in","den","letzten","jahren",3
"1293","aus","den","augen","zu","verlieren",3
"1294","wird","man","erfolgreich","und","zeitsparend",3
"1295","man","erfolgreich","und","zeitsparend","problemzonen",3
"1296","erfolgreich","und","zeitsparend","problemzonen","los",3
"1297","problemzonen","los","festigt","seinen","körper",3
"1298","los","festigt","seinen","körper","und",3
"1299","den","boden","unter","den","füßen",3
"1300","in","die","richtige","richtung","aber",3
"1301","wünsche","euch","allen","noch","einen",3
"1302","mehr","als","50","prozent","der",3
"1303","stellte","sich","heraus","dass","die",3
"1304","drehte","sie","sich","um","und",3
"1305","haben","in","den","vergangenen","jahren",3
"1306","es","tut","uns","leid","dass",3
"1307","tut","uns","leid","dass","wir",3
"1308","auf","den","weg","zu","bringen",3
"1309","einem","tag","auf","den","anderen",3
"1310","sprach","sich","dafür","aus","die",3
"1311","ich","in","den","letzten","wochen",3
"1312","sich","auf","den","ersten","blick",3
"1313","ich","bin","froh","dass","ich",3
"1314","mit","einigen","elektroden","an","diese",3
"1315","einigen","elektroden","an","diese","elektroden",3
"1316","viel","zeit","und","mühe","gekostet",3
"1317","zeit","und","mühe","gekostet","hätte",3
"1318","und","zeitsparend","problemzonen","los","strafft",3
"1319","zeitsparend","problemzonen","los","strafft","seinen",3
"1320","problemzonen","los","strafft","seinen","körper",3
"1321","los","strafft","seinen","körper","und",3
"1322","strafft","seinen","körper","und","formt",3
"1323","und","formt","die","konturen","ideal",3
"1324","von","der","hand","zu","weisen",3
"1325","ich","bin","der","festen","überzeugung",3
"1326","bin","der","festen","überzeugung","dass",3
"1327","verhält","es","sich","auch","mit",3
"1328","ist","schon","eine","ganze","weile",3
"1329","auf","180","grad","ober","unterhitze",3
"1330","180","grad","ober","unterhitze","vorheizen",3
"1331","würde","mich","freuen","wenn","ihr",3
"1332","erst","vor","ein","paar","jahren",3
"1333","und","mit","salz","und","pfeffer",3
"1334","art","und","weise","wie","die",3
"1335","in","den","eigenen","vier","wänden",3
"1336","ich","mich","wie","ein","schneekönig",3
"1337","der","zweiten","hälfte","des","20",3
"1338","zweiten","hälfte","des","20","jahrhunderts",3
"1339","in","der","ersten","hälfte","des",3
"1340","haben","in","den","letzten","wochen",3
"1341","ich","mich","auf","die","suche",3
"1342","es","tut","mir","so","leid",3
"1343","von","11","bis","22","uhr",3
"1344","eine","schüssel","geben","und","mit",3
"1345","zur","richtigen","zeit","am","richtigen",3
"1346","richtigen","zeit","am","richtigen","ort",3
"1347","um","ein","beispiel","zu","nennen",3
"1348","und","das","nicht","nur","weil",3
"1349","so","wie","dies","bei","einer",3
"1350","wie","dies","bei","einer","fettabsaugung",3
"1351","dies","bei","einer","fettabsaugung","mit",3
"1352","bei","einer","fettabsaugung","mit","op",3
"1353","einer","fettabsaugung","mit","op","der",3
"1354","fettabsaugung","mit","op","der","fall",3
"1355","mit","op","der","fall","wäre",3
"1356","je","nach","fettdepot","ausmaß","und",3
"1357","nach","fettdepot","ausmaß","und","umfang",3
"1358","fettdepot","ausmaß","und","umfang","müssen",3
"1359","ausmaß","und","umfang","müssen","sie",3
"1360","und","umfang","müssen","sie","die",3
"1361","auf","diese","art","und","weise",3
"1362","die","art","und","weise","der",3
"1363","es","nur","eine","frage","der",3
"1364","eine","frage","der","zeit","ist",3
"1365","an","allen","ecken","und","enden",3
"1366","in","den","händen","zu","halten",3
"1367","ist","aber","immer","noch","die",3
"1368","art","und","weise","wie","der",3
"1369","zum","ersten","mal","seit","dem",3
"1370","der","neue","präsident","der","europäischen",3
"1371","neue","präsident","der","europäischen","zentralbank",3
"1372","allerdings","erreicht","man","nur","durch",3
"1373","diese","elektroden","bewirken","durch","kontraktion",3
"1374","elektroden","bewirken","durch","kontraktion","die",3
"1375","der","ansonsten","viel","zeit","und",3
"1376","ich","kann","nur","hoffen","dass",3
"1377","zu","beginn","des","20","jahrhunderts",3
"1378","gibt","es","noch","einen","kleinen",3
"1379","für","sicherheit","in","der","informationstechnik",3
"1380","sicherheit","in","der","informationstechnik","bsi",3
"1381","in","einem","bruchteil","der","zeit",3
"1382","einem","bruchteil","der","zeit","die",3
"1383","bruchteil","der","zeit","die","ein",3
"1384","in","den","vergangenen","15","jahren",3
"1385","ist","auf","den","ersten","blick",3
"1386","auf","den","ersten","blick","eine",3
"1387","ich","habe","das","gefühl","dass",3
"1388","durch","die","umwandlung","von","fettgewebe",3
"1389","die","umwandlung","von","fettgewebe","in",3
"1390","dies","wird","mit","der","carvitation",3
"1391","wird","mit","der","carvitation","nicht",3
"1392","so","schnell","wie","möglich","die",3
"1393","mehr","aus","der","hand","legen",3
"1394","ist","nicht","das","erste","mal",3
"1395","nicht","das","erste","mal","in",3
"1396","die","in","den","vergangenen","jahren",3
"1397","freue","ich","mich","auf","das",3
"1398","dass","sie","in","ihrem","leben",3
"1399","handelt","es","sich","um","den",3
"1400","ich","bin","froh","dass","der",3
"1401","ist","nicht","mehr","viel","übrig",3
"1402","in","las","vegas","ums","leben",3
"1403","las","vegas","ums","leben","gekommen",3
"1404","wie","das","statistische","bundesamt","am",3
"1405","wie","die","nachrichtenagentur","dpa","aus",3
"1406","der","parlamentarische","geschäftsführer","der","spd-bundestagsfraktion",3
"1407","parlamentarische","geschäftsführer","der","spd-bundestagsfraktion","thomas",3
"1408","geschäftsführer","der","spd-bundestagsfraktion","thomas","oppermann",3
"1409","die","auszahlung","der","nächsten","kredittranche",3
"1410","auszahlung","der","nächsten","kredittranche","von",3
"1411","nasdaq","after","hours","indicator","fiel",3
"1412","after","hours","indicator","fiel","um",3
"1413","den","olympischen","spielen","2012","in",3
"1414","in","den","vergangenen","jahren","mit",3
"1415","nach","angaben","der","new","york",3
"1416","angaben","der","new","york","times",3
"1417","spät","aber","nicht","zu","spät",3
"1418","eu-kommission","europäischer","zentralbank","ezb","und",3
"1419","der","sprecher","von","eu-währungskommissar","olli",3
"1420","auf","der","anderen","seite","sind",3
"1421","ankauf","von","staatsanleihen","durch","die",3
"1422","gehalten","präsentierten","sich","die","aktienkurse",3
"1423","in","den","vergangenen","jahren","immer",3
"1424","ist","in","den","vergangenen","jahren",3
"1425","bericht","der","new","york","times",3
"1426","uwe","mundlos","und","uwe","böhnhardt",3
"1427","sagte","der","finanzpolitische","sprecher","der",3
"1428","sich","in","den","vergangenen","tagen",3
"1429","bereits","in","den","90er","jahren",3
"1430","niedersachsens","ministerpräsident","david","mcallister","cdu",3
"1431","am","freitag","gegenüber","unserer","zeitung",3
"1432","sich","die","staats","und","regierungschefs",3
"1433","kann","nicht","sein","dass","wir",3
"1434","in","der","frankfurter","allgemeinen","zeitung",3
"1435","falle","eines","schuldspruchs","drohen","murray",3
"1436","handelt","es","sich","um","die",3
"1437","wieder","mit","von","der","partie",3
"1438","doch","es","sind","nicht","nur",3
"1439","in","den","vergangenen","zwei","jahren",3
"1440","die","ratingagentur","standard","poor's","s",3
"1441","ratingagentur","standard","poor's","s","p",3
"1442","bei","der","abstimmung","über","die",3
"1443","erst","auf","den","zweiten","blick",3
"1444","einem","gespräch","mit","der","nachrichtenagentur",3
"1445","in","der","nacht","zum","sonntag",3
"1446","zwischen","dem","1","fc","köln",3
"1447","dem","1","fc","köln","und",3
"1448","völlig","aus","der","luft","gegriffen",3
"1449","für","den","fall","dass","die",3
"1450","davon","aus","dass","sich","das",3
"1451","in","den","letzten","fünf","jahren",3
"1452","vizepräsident","der","europäischen","zentralbank","ezb",3
"1453","der","anschläge","vom","11","september",3
"1454","anschläge","vom","11","september","2001",3
"1455","die","teilnahme","an","der","em",3
"1456","bis","zum","ende","des","jahres",3
"1457","dabei","handelte","es","sich","um",3
"1458","termin","steht","noch","nicht","fest",3
"1459","in","dem","fall","hatte","ein",3
"1460","in","den","vergangenen","fünf","jahren",3
"1461","der","reisemesse","itb","in","berlin",3
"1462","es","ist","das","erste","mal",3
"1463","handelt","es","sich","nicht","um",3
"1464","im","alter","von","18","bis",3
"1465","auch","aus","den","eigenen","reihen",3
"1466","von","thomas","gottschalk","bei","wetten",3
"1467","thomas","gottschalk","bei","wetten","dass",3
"1468","in","der","wirtschafts","und","finanzpolitik",3
"1469","berichtete","die","zeitung","unter","berufung",3
"1470","die","heftigsten","regenfälle","und","überschwemmungen",3
"1471","heftigsten","regenfälle","und","überschwemmungen","seit",3
"1472","regenfälle","und","überschwemmungen","seit","jahrzehnten",3
"1473","uhr","in","der","pfarrkirche","st",3
"1474","in","den","vergangenen","jahren","deutlich",3
"1475","auf","die","frage","wie","man",3
"1476","jahre","ist","es","her","dass",3
"1477","sich","auf","dem","weg","in",3
"1478","über","das","weitere","vorgehen","in",3
"1479","mehr","als","doppelt","so","hoch",3
"1480","nach","dem","schweren","erdbeben","und",3
"1481","von","bundeskanzlerin","angela","merkel","cdu",3
"1482","bundeskanzlerin","angela","merkel","cdu","und",3
"1483","gegen","den","fc","st","pauli",3
"1484","zielgruppe","der","14","bis","49-jährigen",3
"1485","staats","und","regierungschefs","der","euro-zone",3
"1486","von","der","deutschen","fußball","liga",3
"1487","der","deutschen","fußball","liga","dfl",3
"1488","dabei","geht","es","nicht","um",3
"1489","antwort","auf","die","frage","wie",3
"1490","kann","mir","vorstellen","dass","das",3
"1491","des","buchs","das","cover","zeigt",3
"1492","so","gut","wie","gar","nicht",3
"1493","bereits","in","der","vergangenen","woche",3
"1494","in","der","vergangenen","woche","hatte",3
"1495","wie","in","keinem","anderen","land",3
"1496","die","in","der","vergangenen","woche",3
"1497","der","parlamentarische","geschäftsführer","der","unionsfraktion",3
"1498","wird","in","den","kommenden","jahren",3
"1499","sollen","in","den","kommenden","jahren",3
"1500","proceedings","of","the","national","academy",3
"1501","of","the","national","academy","of",3
"1502","the","national","academy","of","sciences",3
"1503","hans-peter","friedrich","csu","will","gefährliche",3
"1504","friedrich","csu","will","gefährliche","neonazis",3
"1505","csu","will","gefährliche","neonazis","in",3
"1506","will","gefährliche","neonazis","in","einem",3
"1507","gefährliche","neonazis","in","einem","neuen",3
"1508","neonazis","in","einem","neuen","zentralregister",3
"1509","in","einem","neuen","zentralregister","erfassen",3
"1510","einem","neuen","zentralregister","erfassen","in",3
"1511","neuen","zentralregister","erfassen","in","dieser",3
"1512","zentralregister","erfassen","in","dieser","datei",3
"1513","erfassen","in","dieser","datei","sollten",3
"1514","in","dieser","datei","sollten","daten",3
"1515","dieser","datei","sollten","daten","über",3
"1516","datei","sollten","daten","über","gewaltbereite",3
"1517","sollten","daten","über","gewaltbereite","rechtsextremisten",3
"1518","daten","über","gewaltbereite","rechtsextremisten","und",3
"1519","über","gewaltbereite","rechtsextremisten","und","politisch",3
"1520","gewaltbereite","rechtsextremisten","und","politisch","rechts",3
"1521","rechtsextremisten","und","politisch","rechts","motivierte",3
"1522","und","politisch","rechts","motivierte","gewalttaten",3
"1523","politisch","rechts","motivierte","gewalttaten","zusammengeführt",3
"1524","rechts","motivierte","gewalttaten","zusammengeführt","werden",3
"1525","motivierte","gewalttaten","zusammengeführt","werden","sagte",3
"1526","gewalttaten","zusammengeführt","werden","sagte","er",3
"1527","zusammengeführt","werden","sagte","er","der",3
"1528","werden","sagte","er","der","süddeutschen",3
"1529","die","neue","neonazi-datei","solle","ähnlich",3
"1530","neue","neonazi-datei","solle","ähnlich","wie",3
"1531","neonazi-datei","solle","ähnlich","wie","eine",3
"1532","solle","ähnlich","wie","eine","bereits",3
"1533","ähnlich","wie","eine","bereits","bestehende",3
"1534","wie","eine","bereits","bestehende","datensammlung",3
"1535","eine","bereits","bestehende","datensammlung","über",3
"1536","bereits","bestehende","datensammlung","über","gefährliche",3
"1537","bestehende","datensammlung","über","gefährliche","islamisten",3
"1538","datensammlung","über","gefährliche","islamisten","aufgebaut",3
"1539","über","gefährliche","islamisten","aufgebaut","und",3
"1540","gefährliche","islamisten","aufgebaut","und","von",3
"1541","islamisten","aufgebaut","und","von","verfassungsschutzämtern",3
"1542","aufgebaut","und","von","verfassungsschutzämtern","und",3
"1543","und","von","verfassungsschutzämtern","und","polizeibehörden",3
"1544","von","verfassungsschutzämtern","und","polizeibehörden","in",3
"1545","verfassungsschutzämtern","und","polizeibehörden","in","bund",3
"1546","und","polizeibehörden","in","bund","und",3
"1547","polizeibehörden","in","bund","und","ländern",3
"1548","in","bund","und","ländern","gespeist",3
"1549","bund","und","ländern","gespeist","werden",3
"1550","landesbetrieb","für","wasserwirtschaft","küsten","und",3
"1551","für","wasserwirtschaft","küsten","und","naturschutz",3
"1552","als","noch","vor","zehn","jahren",3
"1553","hatte","in","der","vergangenen","woche",3
"1554","in","einer","früheren","version","dieses",3
"1555","einer","früheren","version","dieses","artikels",3
"1556","nicht","mehr","zur","verfügung","steht",3
"1557","die","zukunft","des","landes","und",3
"1558","auf","das","world","trade","center",3
"1559","troika","aus","eu-kommission","europäischer","zentralbank",3
"1560","europäischer","zentralbank","ezb","und","internationalem",3
"1561","zentralbank","ezb","und","internationalem","währungsfonds",3
"1562","ezb","und","internationalem","währungsfonds","iwf",3
"1563","der","troika","aus","eu-kommission","iwf",3
"1564","troika","aus","eu-kommission","iwf","und",3
"1565","aus","eu-kommission","iwf","und","ezb",3
"1566","für","die","auszahlung","der","nächsten",3
"1567","das","ergebnis","kann","sich","sehen",3
"1568","ergebnis","kann","sich","sehen","lassen",3
"1569","in","der","arena","kreis","düren",3
"1570","die","konservative","oppositionspartei","nea","dimokratia",3
"1571","in","den","golf","von","mexiko",3
"1572","0","0","gegen","die","schweiz",3
"1573","gegen","die","schweiz","am","freitag",3
"1574","punkte","die","rendite","der","zehnjährigen",3
"1575","rendite","der","zehnjährigen","bundesanleihe","lag",3
"1576","der","zehnjährigen","bundesanleihe","lag","bei",3
"1577","der","staats","und","regierungschefs","der",3
"1578","die","börsen","in","schanghai","und",3
"1579","punkte","während","der","hsi","in",3
"1580","während","der","hsi","in","hongkong",3
"1581","in","den","vergangenen","zwölf","monaten",3
"1582","punkte","der","breiter","gefasste","s",3
"1583","der","breiter","gefasste","s","p",3
"1584","ist","nach","wie","vor","die",3
"1585","an","der","börse","in","schanghai",3
"1586","geht","es","nicht","nur","um",3
"1587","eu-kommissionspräsident","josé","manuel","barroso","und",3
"1588","der","vorsitzende","der","unionsfraktion","im",3
"1589","vorsitzende","der","unionsfraktion","im","bundestag",3
"1590","der","unionsfraktion","im","bundestag","volker",3
"1591","unionsfraktion","im","bundestag","volker","kauder",3
"1592","von","15","bis","18","uhr",3
"1593","der","news","of","the","world",3
"1594","mehr","dazu","lesen","sie","in",3
"1595","dazu","lesen","sie","in","der",3
"1596","bundeskanzlerin","angela","merkel","und","der",3
"1597","angela","merkel","und","der","französische",3
"1598","new","england","journal","of","medicine",3
"1599","darum","den","sichersten","standort","für",3
"1600","gehen","allerdings","davon","aus","dass",3
"1601","kann","nicht","sein","dass","die",3
"1602","von","papst","johannes","paul","ii",3
"1603","der","ehemalige","eu-kommissar","mario","monti",3
"1604","und","vier","tage","später","in",3
"1605","in","der","nacht","zu","sonntag",3
"1606","es","ist","davon","auszugehen","dass",3
"1607","es","besteht","die","gefahr","dass",3
"1608","in","den","vergangenen","tagen","hatten",3
"1609","zu","dem","ergebnis","dass","es",3
"1610","gehe","davon","aus","dass","wir",3
"1611","nachdem","bekannt","geworden","war","dass",3
"1612","arjen","robben","robin","van","persie",3
"1613","robben","robin","van","persie","und",3
"1614","robin","van","persie","und","rafael",3
"1615","van","persie","und","rafael","van",3
"1616","persie","und","rafael","van","der",3
"1617","und","rafael","van","der","vaart",3
"1618","2006","acht","türkische","und","ein",3
"1619","acht","türkische","und","ein","griechischer",3
"1620","an","einer","polizistin","in","heilbronn",3
"1621","verbindungen","zum","rechtsextremen","thüringer","heimatschutz",3
"1622","buch","deutschland","schafft","sich","ab",3
"1623","es","ist","noch","nicht","ganz",3
"1624","dass","es","sich","bei","der",3
"1625","das","bedeutet","aber","nicht","dass",3
"1626","mehr","als","die","hälfte","des",3
"1627","auf","der","anderen","seite","der",3
"1628","in","der","ersten","jahreshälfte","2011",3
"1629","zum","dritten","mal","in","folge",3
"1630","nach","angaben","des","weißen","hauses",3
"1631","im","alter","von","drei","bis",3
"1632","euro","wert","die","europäische","zentralbank",3
"1633","wert","die","europäische","zentralbank","ezb",3
"1634","mit","von","der","partie","ist",3
"1635","von","der","partie","ist","und",3
"1636","haben","sich","in","den","vergangenen",3
"1637","um","den","lohn","seiner","arbeit",3
"1638","die","nachrichtenagentur","kyodo","unter","berufung",3
"1639","der","spanische","ministerpräsident","josé","luis",3
"1640","spanische","ministerpräsident","josé","luis","rodríguez",3
"1641","sich","in","den","nächsten","jahren",3
"1642","an","einer","heilbronner","polizistin","im",3
"1643","einer","heilbronner","polizistin","im","april",3
"1644","heilbronner","polizistin","im","april","2007",3
"1645","polizistin","im","april","2007","und",3
"1646","und","einem","griechen","in","den",3
"1647","einem","griechen","in","den","jahren",3
"1648","griechen","in","den","jahren","2000",3
"1649","in","den","jahren","2000","bis",3
"1650","den","jahren","2000","bis","2006",3
"1651","zwischen","99","cent","und","1,29",3
"1652","99","cent","und","1,29","dollar",3
"1653","der","europäischen","union","und","dem",3
"1654","europäischen","union","und","dem","internationalen",3
"1655","union","und","dem","internationalen","währungsfonds",3
"1656","ihre","gesetzesvorschläge","zur","regulierung","der",3
"1657","gesetzesvorschläge","zur","regulierung","der","umstrittenen",3
"1658","zur","regulierung","der","umstrittenen","ratingagenturen",3
"1659","regulierung","der","umstrittenen","ratingagenturen","in",3
"1660","der","umstrittenen","ratingagenturen","in","letzter",3
"1661","umstrittenen","ratingagenturen","in","letzter","minute",3
"1662","ratingagenturen","in","letzter","minute","entschärft",3
"1663","der","weg","frei","für","eine",3
"1664","von","bundeskanzlerin","angela","merkel","und",3
"1665","von","der","deutschen","gesellschaft","für",3
"1666","von","tschernobyl","vor","25","jahren",3
"1667","am","mittwoch","in","frankreich","gestartet",3
"1668","seit","der","einführung","des","euro",3
"1669","für","den","kampf","gegen","die",3
"1670","in","den","letzten","jahren","in",3
"1671","es","handele","sich","um","eine",3
"1672","nicht","in","der","lage","die",3
"1673","und","dann","ist","da","noch",3
"1674","berichtete","die","frankfurter","allgemeine","zeitung",3
"1675","es","kann","auch","sein","dass",3
"1676","als","einziges","institut","kam","die",3
"1677","einziges","institut","kam","die","landesbank",3
"1678","institut","kam","die","landesbank","berlin",3
"1679","kam","die","landesbank","berlin","ungeschoren",3
"1680","die","landesbank","berlin","ungeschoren","davon",3
"1681","landesbank","berlin","ungeschoren","davon","ihr",3
"1682","berlin","ungeschoren","davon","ihr","rating",3
"1683","ungeschoren","davon","ihr","rating","wurde",3
"1684","davon","ihr","rating","wurde","bestätigt",3
"1685","ihr","rating","wurde","bestätigt","die",3
"1686","rating","wurde","bestätigt","die","prüfung",3
"1687","wurde","bestätigt","die","prüfung","für",3
"1688","bestätigt","die","prüfung","für","die",3
"1689","die","prüfung","für","die","bonität",3
"1690","prüfung","für","die","bonität","der",3
"1691","für","die","bonität","der","westlb",3
"1692","die","bonität","der","westlb","wurde",3
"1693","bonität","der","westlb","wurde","verlängert",3
"1694","und","der","französische","staatspräsident","nicolas",3
"1695","in","höhe","von","bis","zu",3
"1696","aufkauf","von","anleihen","einzelner","staaten",3
"1697","von","anleihen","einzelner","staaten","durch",3
"1698","anleihen","einzelner","staaten","durch","die",3
"1699","die","sich","in","diesem","jahr",3
"1700","nicht","in","der","lage","gewesen",3
"1701","in","den","usa","und","europa",3
"1702","sind","auf","einem","guten","weg",3
"1703","dem","französischen","staatspräsidenten","nicolas","sarkozy",3
"1704","im","alter","von","15","bis",3
"1705","sich","vor","allem","auf","die",3
"1706","euro","wie","das","unternehmen","am",3
"1707","bei","der","frage","nach","dem",3
"1708","nach","dem","11","september","2001",3
"1709","die","durchschnittliche","rendite","börsennotierter","bundeswertpapiere",3
"1710","in","den","vergangenen","beiden","jahren",3
"1711","präsident","der","europäischen","zentralbank","jean-claude",3
"1712","der","europäischen","zentralbank","jean-claude","trichet",3
"1713","in","einer","im","fernsehen","übertragenen",3
"1714","einer","im","fernsehen","übertragenen","rede",3
"1715","mehr","als","elf","milliarden","euro",3
"1716","bis","zu","einer","höhe","von",3
"1717","gesine","lötzsch","und","klaus","ernst",3
"1718","in","ordnung","zu","bringen","die",3
"1719","sich","die","frage","wie","lange",3
"1720","0","0","gegen","die","türkei",3
"1721","zentrum","für","luft","und","raumfahrt",3
"1722","für","luft","und","raumfahrt","dlr",3
"1723","das","ist","ein","sieg","für",3
"1724","die","bildung","einer","regierung","der",3
"1725","bildung","einer","regierung","der","nationalen",3
"1726","zum","1","0","für","die",3
"1727","thüringens","innenminister","jörg","geibert","cdu",3
"1728","wir","bitten","den","fehler","zu",3
"1729","bitten","den","fehler","zu","entschuldigen",3
"1730","die","vereinigten","staaten","von","europa",3
"1731","um","mehr","als","60","prozent",3
"1732","an","der","new","york","stock",3
"1733","scheitert","der","euro","scheitert","europa",3
"1734","und","in","den","vereinigten","staaten",3
"1735","dass","es","sich","bei","dem",3
"1736","der","türkischen","gemeinde","in","deutschland",3
"1737","türkischen","gemeinde","in","deutschland","kenan",3
"1738","gemeinde","in","deutschland","kenan","kolat",3
"1739","der","225","werte","umfassende","nikkei-index",3
"1740","des","deutschen","instituts","für","wirtschaftsforschung",3
"1741","deutschen","instituts","für","wirtschaftsforschung","diw",3
"1742","eine","neue","entschlossenheit","im","kampf",3
"1743","neue","entschlossenheit","im","kampf","gegen",3
"1744","dieses","politische","flaggschiff","der","rechtsradikalen",3
"1745","politische","flaggschiff","der","rechtsradikalen","muss",3
"1746","flaggschiff","der","rechtsradikalen","muss","endlich",3
"1747","der","rechtsradikalen","muss","endlich","politisch",3
"1748","rechtsradikalen","muss","endlich","politisch","und",3
"1749","muss","endlich","politisch","und","juristisch",3
"1750","endlich","politisch","und","juristisch","versenkt",3
"1751","politisch","und","juristisch","versenkt","werden",3
"1752","so","wundert","es","nicht","dass",3
"1753","am","donnerstag","in","berlin","mit",3
"1754","auf","basis","der","gewinnschätzungen","für",3
"1755","basis","der","gewinnschätzungen","für","das",3
"1756","der","gewinnschätzungen","für","das","laufende",3
"1757","gewinnschätzungen","für","das","laufende","und",3
"1758","für","das","laufende","und","das",3
"1759","das","laufende","und","das","kommende",3
"1760","laufende","und","das","kommende","geschäftsjahr",3
"1761","der","berliner","akademie","der","künste",3
"1762","uwe","böhnhardt","und","beate","zschäpe",3
"1763","der","dow-jones-index","der","standardwerte","notierte",3
"1764","der","breiter","gefasste","s","p-500-index",3
"1765","breiter","gefasste","s","p-500-index","schloss",3
"1766","gefasste","s","p-500-index","schloss","bei",3
"1767","prozent","der","index","der","technologiebörse",3
"1768","der","breiter","gefasste","s","p-500",3
"1769","prozent","mehr","als","im","vorjahreszeitraum",3
"1770","bereits","in","der","dritten","minute",3
"1771","der","vorsitzende","der","türkischen","gemeinde",3
"1772","vorsitzende","der","türkischen","gemeinde","in",3
"1773","mehr","als","40","prozent","bei",3
"1774","heißt","es","in","dem","bericht",3
"1775","steuern","zinsen","und","abschreibungen","ebitda",3
"1776","in","der","aktuellen","ausgabe","des",3
"1777","zinsen","steuern","und","abschreibungen","ebitda",3
"1778","unter","dem","strich","blieb","ein",3
"1779","der","suche","nach","einem","neuen",3
"1780","zu","dem","schluss","gekommen","dass",3
"1781","uwe","böhnhardt","und","uwe","mundlos",3
"1782","mitgliedschaft","in","einer","terroristischen","vereinigung",3
"1783","in","den","vergangenen","sechs","jahren",3
"1784","hamburgs","bürgermeister","olaf","scholz","spd",3
"1785","in","der","kommenden","woche","wird",3
"1786","teilte","die","polizei","am","samstag",3
"1787","die","polizei","am","samstag","mit",3
"1788","mit","dem","namen","nationalsozialistischer","untergrund",3
"1789","an","neun","geschäftsleuten","türkischer","und",3
"1790","neun","geschäftsleuten","türkischer","und","griechischer",3
"1791","davon","aus","dass","sich","die",3
"1792","einzige","frau","in","der","runde",3
"1793","soll","noch","in","diesem","jahr",3
